LADO;NFC;QR
ESTE;718219029;01100009701
ESTE;721326613;01100009702
ESTE;717634325;01100101801
ESTE;603029957;01100101802
ESTE;712551844;01100104401
ESTE;710143636;01100104402
ESTE;942357320;01100107901
ESTE;718659476;01100107902
ESTE;709875108;01100205001
ESTE;717283220;01100205002
ESTE;719896996;01100205101
ESTE;708037540;01100205102
ESTE;269317367;01100304101
ESTE;281441783;01100304102
ESTE;718647620;01100305601
ESTE;712533828;01100305602
ESTE;295316999;01100409201
ESTE;300037895;01100409202
ESTE;981705482;01100004401
ESTE;974870538;01100004402
ESTE;969932538;01100004403
ESTE;973206026;01100004501
ESTE;956793338;01100004502
ESTE;978060554;01100004503
ESTE;985354762;01100008301
ESTE;986180618;01100008302
ESTE;972862970;01100101301
ESTE;958979066;01100101302
ESTE;986980106;01100107601
ESTE;976557066;01100107602
ESTE;602532261;01100200701
ESTE;588993957;01100200702
ESTE;981010186;01100206701
ESTE;970311162;01100206702
ESTE;703805653;01100209201
ESTE;705891365;01100209202
ESTE;710028053;01100305801
ESTE;709888277;01100305802
ESTE;706614821;01100306501
ESTE;710515221;01100306502
ESTE;951373896;01100406501
ESTE;717739029;01100406502
ESTE;512037814;01100409601
ESTE;515376310;01100409602
ESTE;600176805;01100305701
ESTE;603158437;01100305702
ESTE;590513061;01100403401
ESTE;603869093;01100403402
ESTE;300052487;01100006801
ESTE;275024375;01100006802
ESTE;281626359;01100006803
ESTE;286110727;01100000801
ESTE;290305287;01100000802
ESTE;720050100;01100006101
ESTE;704742308;01100006102
ESTE;280654839;01100006103
ESTE;270176247;01100104201
ESTE;587847845;01100104202
ESTE;278564855;01100110010
ESTE;964997626;01100300401
ESTE;718077701;01100300402
ESTE;711925156;01100308101
ESTE;712319156;01100308102
ESTE;707536405;01100003101
ESTE;706725397;01100003102
ESTE;707966485;01100003103
ESTE;385954868;01100306201
ESTE;570580219;01100306202
ESTE;940296776;01100402901
ESTE;956032104;01100402902
ESTE;276527031;01100302301
ESTE;947235624;01100302302
ESTE;713815956;01100310001
ESTE;710360740;01100310002
ESTE;715688868;01100310003
ESTE;718300228;01100402801
ESTE;716156468;01100402902
ESTE;954086216;01100307501
ESTE;940088664;01100307502
ESTE;;01100104501
ESTE;;01100104502
ESTE;;01100104503
ESTE;;01100104601
ESTE;;01100104602
ESTE;;01100104603
ESTE;;01100104701
ESTE;;01100104702
ESTE;;01100104703
ESTE;706614053;01100303201
ESTE;713756181;01100303202
ESTE;702816725;01100208701
ESTE;692079061;01100208702
ESTE;561018021;01100000301
ESTE;555345349;01100000302
ESTE;569996965;01100000401
ESTE;566100661;01100000402
ESTE;872873594;01100000501
ESTE;875416170;01100000502
ESTE;271515847;01100000601
ESTE;280080567;01100000602
ESTE;872076873;01100000701
ESTE;862845769;01100000702
ESTE;694413082;01100000901
ESTE;572647147;01100000902
ESTE;702400794;01100001001
ESTE;699459418;01100001002
ESTE;603285157;01100001101
ESTE;847619592;01100001102
ESTE;558954645;01100001201
ESTE;562853285;01100001202
ESTE;573810923;01100001301
ESTE;586618107;01100001302
ESTE;170499719;01100001401
ESTE;178773639;01100001402
ESTE;568527797;01100001501
ESTE;569819045;01100001502
ESTE;707011333;01100001601
ESTE;844102168;01100001602
ESTE;872076873;01100001701
ESTE;862845769;01100001702
ESTE;597536011;01100001801
ESTE;578921691;01100001802
ESTE;883557514;01100001901
ESTE;885437818;01100001902
ESTE;580672235;01100002001
ESTE;692017706;01100002002
ESTE;569025445;01100002101
ESTE;558910885;01100002102
ESTE;492635366;01100002201
ESTE;255571447;01100002202
ESTE;619249188;01100002301
ESTE;377954262;01100002302
ESTE;276100023;01100002401
ESTE;279336375;01100002402
ESTE;692052805;01100002501
ESTE;701896533;01100002502
ESTE;691941205;01100002801
ESTE;695148357;01100002802
ESTE;700081989;01100002803
ESTE;563797141;01100002901
ESTE;876051322;01100002902
ESTE;558693797;01100002903
ESTE;961529594;01100003001
ESTE;269578743;01100003002
ESTE;294196743;01100003003
ESTE;590005909;01100003201
ESTE;591974805;01100003202
ESTE;600321445;01100003203
ESTE;593356453;01100003301
ESTE;590278309;01100003302
ESTE;591468469;01100003303
ESTE;500729542;01100003401
ESTE;498749910;01100003402
ESTE;488978886;01100003403
ESTE;886678634;01100003501
ESTE;887013994;01100003502
ESTE;882911850;01100003503
ESTE;695687509;01100003601
ESTE;889556202;01100003602
ESTE;272863031;01100003603
ESTE;140517127;01100003701
ESTE;119821559;01100003702
ESTE;132392183;01100003703
ESTE;883348090;01100003801
ESTE;883821450;01100003802
ESTE;875909498;01100003803
ESTE;835669224;01100003901
ESTE;867415369;01100003902
ESTE;858597433;01100003903
ESTE;900579050;01100004001
ESTE;709288356;01100004002
ESTE;905049322;01100004003
ESTE;875740794;01100004101
ESTE;874839402;01100004102
ESTE;882640266;01100004103
ESTE;703402453;01100004201
ESTE;700115413;01100004202
ESTE;690281925;01100004203
ESTE;695879125;01100004301
ESTE;691128517;01100004302
ESTE;694993381;01100004303
ESTE;182545815;01100005601
ESTE;281062327;01100005602
ESTE;270420663;01100005603
ESTE;573757435;01100005701
ESTE;596838923;01100005702
ESTE;581648379;01100005703
ESTE;691262746;01100005801
ESTE;581086699;01100005802
ESTE;703684394;01100005803
ESTE;701733621;01100005901
ESTE;260563191;01100005902
ESTE;276985607;01100005903
ESTE;594866069;01100006001
ESTE;117633511;01100006002
ESTE;879118730;01100006003
ESTE;274027191;01100006201
ESTE;704190068;01100006202
ESTE;697123188;01100006203
ESTE;602034101;01100006301
ESTE;702564724;01100006302
ESTE;283952823;01100006303
ESTE;872504730;01100006401
ESTE;879293834;01100006402
ESTE;874811530;01100006403
ESTE;880355722;01100006501
ESTE;888958106;01100006502
ESTE;875663498;01100006503
ESTE;618332997;01100006601
ESTE;857554553;01100006602
ESTE;856335977;01100006603
ESTE;501598662;01100006701
ESTE;499483302;01100006702
ESTE;488931238;01100006703
ESTE;174748823;01100006901
ESTE;179065495;01100006902
ESTE;504150198;01100006903
ESTE;888402570;01100007001
ESTE;181411223;01100007002
ESTE;836892344;01100007003
ESTE;295175943;01100007101
ESTE;291790087;01100007102
ESTE;269792759;01100007103
ESTE;865724713;01100007201
ESTE;832114777;01100007202
ESTE;831650633;01100007203
ESTE;618673771;01100007301
ESTE;692176154;01100007302
ESTE;387925028;01100007303
ESTE;272052407;01100007601
ESTE;282637735;01100007602
ESTE;283559607;01100007701
ESTE;284919719;01100007702
ESTE;792061288;01100007801
ESTE;791674472;01100007802
ESTE;825113576;01100007901
ESTE;869223993;01100007902
ESTE;695199514;01100008001
ESTE;594006043;01100008002
ESTE;617458539;01100008101
ESTE;574927563;01100008102
ESTE;272736679;01100008201
ESTE;602066405;01100008202
ESTE;701939941;01100008401
ESTE;750310965;01100008402
ESTE;689222117;01100008501
ESTE;695110885;01100008502
ESTE;606426165;01100008601
ESTE;864655721;01100008602
ESTE;282924775;01100008701
ESTE;682603509;01100008702
ESTE;434481270;01100008801
ESTE;419484790;01100008802
ESTE;391007284;01100008901
ESTE;387235876;01100008902
ESTE;561674917;01100009001
ESTE;422953334;01100009002
ESTE;276140023;01100009101
ESTE;694096005;01100009102
ESTE;797356392;01100009201
ESTE;701205125;01100009202
ESTE;692418933;01100009301
ESTE;148844551;01100009302
ESTE;124867063;01100009401
ESTE;140916487;01100009402
ESTE;135866375;01100009501
ESTE;123495159;01100009502
ESTE;120871415;01100009601
ESTE;143144199;01100009602
ESTE;149303559;01100100101
ESTE;147275527;01100100102
ESTE;141116935;01100100103
ESTE;447820744;01100100201
ESTE;495430777;01100100202
ESTE;736732267;01100100301
ESTE;736462683;01100100302
ESTE;425315190;01100100401
ESTE;860864569;01100100402
ESTE;982468106;01100100501
ESTE;982536970;01100100502
ESTE;862660665;01100100601
ESTE;838395112;01100100602
ESTE;137834247;01100100701
ESTE;119512567;01100100702
ESTE;826522088;01100100801
ESTE;858719049;01100100802
ESTE;764477371;01100100901
ESTE;767839691;01100100902
ESTE;574122187;01100101001
ESTE;585975243;01100101002
ESTE;587280565;01100101101
ESTE;502310537;01100101102
ESTE;145305095;01100101201
ESTE;130619383;01100101202
ESTE;700392949;01100101401
ESTE;694478581;01100101402
ESTE;697401333;01100101501
ESTE;714342917;01100101502
ESTE;606385973;01100101601
ESTE;619851333;01100101602
ESTE;965645050;01100101701
ESTE;953998904;01100101702
ESTE;697989962;01100101901
ESTE;702642250;01100101902
ESTE;614463541;01100102001
ESTE;616248389;01100102002
ESTE;444832184;01100102101
ESTE;445681080;01100102102
ESTE;935781880;01100102201
ESTE;924303608;01100102202
ESTE;939233784;01100102301
ESTE;923691256;01100102302
ESTE;567882933;01100102401
ESTE;554655141;01100102402
ESTE;596418827;01100102501
ESTE;596420619;01100102502
ESTE;608106805;01100102601
ESTE;896641129;01100102602
ESTE;137316103;01100102701
ESTE;118270455;01100102702
ESTE;866437673;01100102801
ESTE;865534793;01100102802
ESTE;866441529;01100102901
ESTE;865562425;01100102902
ESTE;125401079;01100103001
ESTE;124619767;01100103002
ESTE;860589929;01100103101
ESTE;495835318;01100103102
ESTE;123406583;01100103201
ESTE;129828087;01100103202
ESTE;125386487;01100103301
ESTE;123417591;01100103302
ESTE;836487912;01100103401
ESTE;869120841;01100103402
ESTE;869128009;01100103501
ESTE;866249001;01100103502
ESTE;828251435;01100103601
ESTE;837514283;01100103602
ESTE;832060235;01100103701
ESTE;837157979;01100103702
ESTE;946150456;01100103801
ESTE;941627960;01100103802
ESTE;944897576;01100103901
ESTE;284397975;01100103902
ESTE;862531913;01100104001
ESTE;859055929;01100104002
ESTE;867711033;01100104101
ESTE;858906681;01100104102
ESTE;944098088;01100104301
ESTE;602953717;01100104302
ESTE;566983077;01100104801
ESTE;560340645;01100104802
ESTE;562848677;01100104901
ESTE;434388342;01100104902
ESTE;864146521;01100105001
ESTE;834370792;01100105002
ESTE;862444089;01100105101
ESTE;858452521;01100105102
ESTE;941531448;01100105201
ESTE;590693573;01100105202
ESTE;496629158;01100105301
ESTE;500329382;01100105302
ESTE;871948873;01100105401
ESTE;835198440;01100105402
ESTE;592129701;01100105501
ESTE;692428997;01100105502
ESTE;954622792;01100105601
ESTE;259946727;01100105602
ESTE;290040071;01100105701
ESTE;287943431;01100105702
ESTE;274938775;01100105801
ESTE;951380536;01100105802
ESTE;443513288;01100105901
ESTE;274171543;01100105903
ESTE;861280569;01100106001
ESTE;834026811;01100106002
ESTE;169699735;01100106101
ESTE;279284983;01100106102
ESTE;614951515;01100106201
ESTE;611026011;01100106202
ESTE;488277926;01100106301
ESTE;501320374;01100106302
ESTE;281891223;01100106401
ESTE;945355304;01100106402
ESTE;944161064;01100106503
ESTE;288528903;01100106504
ESTE;853496088;01100106601
ESTE;834765528;01100106602
ESTE;427986038;01100106701
ESTE;601272997;01100106702
ESTE;600637995;01100106801
ESTE;601672219;01100106802
ESTE;581788619;01100106901
ESTE;577206987;01100106902
ESTE;604832837;01100107001
ESTE;618910261;01100107002
ESTE;396966692;01100107101
ESTE;690828378;01100107102
ESTE;571778523;01100107201
ESTE;394489140;01100107202
ESTE;423669110;01100107301
ESTE;425183350;01100107302
ESTE;856240761;01100107401
ESTE;865688425;01100107402
ESTE;858477177;01100107501
ESTE;715829668;01100107502
ESTE;596267035;01100107701
ESTE;600178971;01100107702
ESTE;960338138;01100107801
ESTE;617887285;01100107802
ESTE;699918532;01100108001
ESTE;822457064;01100108002
ESTE;295066375;01100108101
ESTE;285941255;01100108102
ESTE;824528104;01100108201
ESTE;829146856;01100108202
ESTE;502832598;01100108301
ESTE;286676743;01100108302
ESTE;758435707;01100108401
ESTE;762719627;01100108402
ESTE;719832996;01100108501
ESTE;717772309;01100108502
ESTE;842849544;01100108601
ESTE;842008616;01100108602
ESTE;431454054;01100108701
ESTE;429327478;01100108702
ESTE;592039061;01100108801
ESTE;427901814;01100108802
ESTE;717201685;01100108901
ESTE;720809493;01100108902
ESTE;701130709;01100109001
ESTE;692507589;01100109002
ESTE;710534149;01100109101
ESTE;708169237;01100109102
ESTE;710848021;01100109201
ESTE;699629557;01100109202
ESTE;493053894;01100109301
ESTE;498503382;01100109302
ESTE;499482294;01100109401
ESTE;491534550;01100109402
ESTE;717399317;01100109501
ESTE;297809671;01100109502
ESTE;461325305;01100109601
ESTE;409487188;01100109602
ESTE;847944456;01100109701
ESTE;847322904;01100109702
ESTE;696297290;01100109801
ESTE;692526426;01100109802
ESTE;459682809;01100109901
ESTE;457543145;01100109902
ESTE;953955144;01100110001
ESTE;612842603;01100110002
ESTE;179145367;01100200101
ESTE;177602967;01100200102
ESTE;178809991;01100200103
ESTE;169952391;01100200201
ESTE;177318551;01100200202
ESTE;858762041;01100200301
ESTE;870262329;01100200302
ESTE;864637753;01100200401
ESTE;867615801;01100200402
ESTE;603974389;01100200501
ESTE;971076090;01100200502
ESTE;720019733;01100200601
ESTE;279248119;01100200602
ESTE;688927989;01100200801
ESTE;692927477;01100200802
ESTE;285713671;01100200901
ESTE;284883191;01100200902
ESTE;593295013;01100201001
ESTE;602420133;01100201002
ESTE;688978762;01100201101
ESTE;689164890;01100201102
ESTE;692084058;01100201201
ESTE;689631306;01100201202
ESTE;178604951;01100201301
ESTE;184330647;01100201302
ESTE;288275463;01100201401
ESTE;297543175;01100201402
ESTE;168638855;01100201501
ESTE;183275415;01100201502
ESTE;437813688;01100201601
ESTE;441551800;01100201602
ESTE;172099479;01100201701
ESTE;697482469;01100201702
ESTE;867794009;01100201801
ESTE;865192761;01100201802
ESTE;949506568;01100201901
ESTE;716115124;01100201902
ESTE;954826056;01100202001
ESTE;179814023;01100202002
ESTE;837134635;01100202101
ESTE;281045655;01100202102
ESTE;463745513;01100202201
ESTE;459652073;01100202202
ESTE;498514662;01100202301
ESTE;503094998;01100202302
ESTE;286412039;01100202401
ESTE;706031141;01100202402
ESTE;693844314;01100202501
ESTE;688244298;01100202502
ESTE;690579802;01100202601
ESTE;691697498;01100202602
ESTE;397891876;01100202701
ESTE;571093467;01100202702
ESTE;952504920;01100202801
ESTE;943313224;01100202802
ESTE;942672712;01100202901
ESTE;942686792;01100202902
ESTE;704231380;01100203001
ESTE;930644168;01100203002
ESTE;574644955;01100203101
ESTE;582116043;01100203102
ESTE;957319898;01100203201
ESTE;707091364;01100203202
ESTE;864693305;01100203301
ESTE;870242601;01100203302
ESTE;491652489;01100203401
ESTE;441677240;01100203402
ESTE;706587028;01100203501
ESTE;720423828;01100203502
ESTE;181889159;01100203601
ESTE;180025991;01100203602
ESTE;717029893;01100203701
ESTE;702517237;01100203702
ESTE;178940039;01100203801
ESTE;828925896;01100203802
ESTE;865757497;01100203901
ESTE;556999349;01100203902
ESTE;486628793;01100204001
ESTE;489213353;01100204002
ESTE;689393909;01100204101
ESTE;501559481;01100204102
ESTE;705429396;01100204201
ESTE;709421204;01100204202
ESTE;611295067;01100204301
ESTE;610956891;01100204302
ESTE;568323493;01100204401
ESTE;560828837;01100204402
ESTE;555676581;01100204501
ESTE;554758805;01100204502
ESTE;849673496;01100204601
ESTE;848691496;01100204602
ESTE;707927220;01100204701
ESTE;272220711;01100204702
ESTE;708366996;01100204801
ESTE;707976868;01100204802
ESTE;863880297;01100204901
ESTE;869864057;01100204902
ESTE;583289083;01100205201
ESTE;458055161;01100205202
ESTE;697255893;01100205203
ESTE;940011336;01100205301
ESTE;396932644;01100205302
ESTE;989211658;01100205401
ESTE;567752629;01100205402
ESTE;556397717;01100205501
ESTE;875693690;01100205502
ESTE;969690826;01100205601
ESTE;946395432;01100205602
ESTE;704910500;01100205701
ESTE;713173156;01100205702
ESTE;688655060;01100205801
ESTE;283497767;01100205802
ESTE;768226875;01100205901
ESTE;761192875;01100205902
ESTE;688621253;01100206001
ESTE;869772121;01100206002
ESTE;967474906;01100206010
ESTE;867436633;01100206101
ESTE;829013480;01100206102
ESTE;944102728;01100206201
ESTE;949185384;01100206202
ESTE;730294875;01100206301
ESTE;722313819;01100206302
ESTE;467849705;01100206401
ESTE;453465321;01100206402
ESTE;595031819;01100206501
ESTE;572431867;01100206502
ESTE;448283080;01100206601
ESTE;439901112;01100206602
ESTE;555668885;01100206801
ESTE;569633941;01100206802
ESTE;465651705;01100206901
ESTE;464860153;01100206902
ESTE;442997176;01100207001
ESTE;148121893;01100207002
ESTE;846741784;01100207101
ESTE;139541301;01100207102
ESTE;751515973;01100207201
ESTE;738899253;01100207202
ESTE;718070180;01100207301
ESTE;706998420;01100207302
ESTE;617387845;01100207401
ESTE;614156869;01100207402
ESTE;497133014;01100207501
ESTE;910185546;01100207502
ESTE;603809547;01100207601
ESTE;591412747;01100207602
ESTE;553825701;01100207701
ESTE;553988789;01100207702
ESTE;502893782;01100207801
ESTE;501492166;01100207802
ESTE;487339734;01100207901
ESTE;486787782;01100207902
ESTE;589873179;01100208001
ESTE;601225499;01100208002
ESTE;584710651;01100208101
ESTE;590757387;01100208102
ESTE;590305205;01100208201
ESTE;719128756;01100208202
ESTE;600538597;01100208301
ESTE;966565370;01100208302
ESTE;144199431;01100208401
ESTE;729176683;01100208402
ESTE;458585321;01100208501
ESTE;559999381;01100208502
ESTE;585711355;01100208601
ESTE;580621275;01100208602
ESTE;976611338;01100208801
ESTE;984045322;01100208802
ESTE;717481124;01100208901
ESTE;713815716;01100208902
ESTE;720078244;01100209001
ESTE;711766676;01100209002
ESTE;572223947;01100209101
ESTE;401536804;01100209102
ESTE;735281755;01100209301
ESTE;724187739;01100209302
ESTE;720677268;01100209501
ESTE;708478884;01100209502
ESTE;558312101;01100209601
ESTE;568451269;01100209602
ESTE;987545610;01100209701
ESTE;591779573;01100209702
ESTE;257439991;01100209801
ESTE;720563364;01100209802
ESTE;500981718;01100209901
ESTE;493847734;01100209902
ESTE;727530587;01100210001
ESTE;721779803;01100210002
ESTE;729161835;01100210003
ESTE;574770683;01100300101
ESTE;505325494;01100300102
ESTE;563542421;01100300201
ESTE;562886309;01100300202
ESTE;607576677;01100300301
ESTE;464084457;01100300302
ESTE;150697509;01100300501
ESTE;496554153;01100300502
ESTE;698457418;01100300601
ESTE;603460875;01100300602
ESTE;591432459;01100300701
ESTE;688705818;01100300702
ESTE;930141944;01100300801
ESTE;146870279;01100300802
ESTE;731471995;01100300901
ESTE;744838453;01100300902
ESTE;732594043;01100301001
ESTE;721984891;01100301002
ESTE;598299829;01100301101
ESTE;599947205;01100301102
ESTE;569957781;01100301201
ESTE;555555237;01100301202
ESTE;556085669;01100301301
ESTE;565041045;01100301302
ESTE;941873448;01100301401
ESTE;941557880;01100301402
ESTE;270555383;01100301501
ESTE;499935702;01100301502
ESTE;497425878;01100301601
ESTE;498808262;01100301602
ESTE;489334953;01100301701
ESTE;501968057;01100301702
ESTE;487555254;01100301801
ESTE;497657782;01100301802
ESTE;719563428;01100301901
ESTE;706286244;01100301902
ESTE;447639736;01100302001
ESTE;446459848;01100302002
ESTE;495676614;01100302101
ESTE;501362134;01100302102
ESTE;466287081;01100302201
ESTE;455233529;01100302202
ESTE;570218901;01100302401
ESTE;561251253;01100302402
ESTE;509956262;01100302501
ESTE;862309929;01100302502
ESTE;501731750;01100302601
ESTE;264314855;01100302602
ESTE;856133689;01100302701
ESTE;866833721;01100302702
ESTE;487409334;01100302801
ESTE;495734982;01100302802
ESTE;711465380;01100302901
ESTE;281665527;01100302902
ESTE;827200456;01100303001
ESTE;834191560;01100303002
ESTE;500799670;01100303101
ESTE;267013095;01100303102
ESTE;489009094;01100303301
ESTE;495343814;01100303302
ESTE;501829830;01100303401
ESTE;822785835;01100303402
ESTE;834745288;01100303501
ESTE;834751432;01100303502
ESTE;497918662;01100303601
ESTE;487619286;01100303602
ESTE;466774521;01100303701
ESTE;463181033;01100303702
ESTE;940850248;01100303801
ESTE;908350538;01100303802
ESTE;701100981;01100303901
ESTE;950201960;01100303902
ESTE;398286388;01100304001
ESTE;391200292;01100304002
ESTE;859047225;01100304201
ESTE;858445353;01100304202
ESTE;498770598;01100304301
ESTE;495593910;01100304302
ESTE;498562214;01100304401
ESTE;497798070;01100304402
ESTE;446451896;01100304501
ESTE;451065800;01100304502
ESTE;502914246;01100304601
ESTE;498623414;01100304602
ESTE;838057928;01100304701
ESTE;834681048;01100304702
ESTE;490434502;01100304801
ESTE;499713478;01100304802
ESTE;502389958;01100304901
ESTE;500702918;01100304902
ESTE;444165304;01100305001
ESTE;444623544;01100305002
ESTE;693728709;01100305101
ESTE;617443594;01100305102
ESTE;834869192;01100305201
ESTE;827855816;01100305202
ESTE;611486218;01100305301
ESTE;605781258;01100305302
ESTE;868485689;01100305401
ESTE;828155096;01100305402
ESTE;599877882;01100305501
ESTE;594454010;01100305502
ESTE;598347461;01100305901
ESTE;599674037;01100305902
ESTE;870046521;01100306001
ESTE;866795065;01100306002
ESTE;444358088;01100306101
ESTE;449365432;01100306102
ESTE;446781640;01100306301
ESTE;440564680;01100306302
ESTE;458144745;01100306401
ESTE;465659129;01100306402
ESTE;588259317;01100306601
ESTE;588872181;01100306602
ESTE;909668682;01100306701
ESTE;917227834;01100306702
ESTE;829827288;01100306801
ESTE;826565320;01100306802
ESTE;837361368;01100306901
ESTE;832011720;01100306902
ESTE;698440661;01100307001
ESTE;611831627;01100307002
ESTE;947863624;01100307101
ESTE;940680520;01100307102
ESTE;274565623;01100307201
ESTE;602711461;01100307202
ESTE;447912632;01100307301
ESTE;445485752;01100307302
ESTE;599867589;01100307401
ESTE;595015621;01100307402
ESTE;453586937;01100307601
ESTE;455261673;01100307602
ESTE;749956661;01100307701
ESTE;706124084;01100307702
ESTE;125214711;01100307801
ESTE;137835783;01100307802
ESTE;601963019;01100307901
ESTE;918571594;01100307902
ESTE;861138217;01100308001
ESTE;861529385;01100308002
ESTE;488961478;01100308201
ESTE;501753286;01100308202
ESTE;121282039;01100308301
ESTE;144320519;01100308302
ESTE;940009304;01100308401
ESTE;465091817;01100308402
ESTE;462126313;01100308501
ESTE;454124281;01100308502
ESTE;825090891;01100308601
ESTE;461594361;01100308602
ESTE;489903497;01100308701
ESTE;442353336;01100308702
ESTE;120893943;01100308801
ESTE;121438199;01100308802
ESTE;127829495;01100308901
ESTE;141119495;01100308902
ESTE;859491625;01100309001
ESTE;858446393;01100309002
ESTE;563344021;01100309101
ESTE;560559013;01100309102
ESTE;438319816;01100309201
ESTE;442589112;01100309202
ESTE;719590068;01100309301
ESTE;442915768;01100309302
ESTE;133100791;01100309401
ESTE;134361863;01100309402
ESTE;580313595;01100309501
ESTE;595960485;01100309502
ESTE;498008006;01100309601
ESTE;491752902;01100309602
ESTE;763973291;01100309701
ESTE;605378101;01100309702
ESTE;126329079;01100309801
ESTE;125667575;01100309802
ESTE;147019271;01100309901
ESTE;139475719;01100309902
ESTE;119392503;01100400101
ESTE;145695495;01100400102
ESTE;125916919;01100400103
ESTE;583430859;01100400201
ESTE;150474293;01100400202
ESTE;456744697;01100400301
ESTE;461621481;01100400302
ESTE;128977655;01100400401
ESTE;836678473;01100400402
ESTE;685555925;01100400501
ESTE;299672839;01100400502
ESTE;616193605;01100400601
ESTE;611790645;01100400602
ESTE;837829465;01100400701
ESTE;838281049;01100400702
ESTE;442801848;01100400801
ESTE;437959624;01100400802
ESTE;566170277;01100400901
ESTE;887225962;01100400902
ESTE;864491641;01100401001
ESTE;867758953;01100401002
ESTE;457241577;01100401101
ESTE;461431017;01100401102
ESTE;874805626;01100401201
ESTE;884470138;01100401202
ESTE;873259898;01100401301
ESTE;554441909;01100401302
ESTE;452762296;01100401401
ESTE;444437688;01100401402
ESTE;587703701;01100401501
ESTE;964057290;01100401502
ESTE;566806677;01100401601
ESTE;841499160;01100401602
ESTE;602126245;01100401701
ESTE;294301959;01100401702
ESTE;868752697;01100401801
ESTE;869671481;01100401802
ESTE;282673159;01100401901
ESTE;488369110;01100401902
ESTE;455627753;01100402001
ESTE;461992937;01100402002
ESTE;857207593;01100402101
ESTE;865300281;01100402102
ESTE;921264698;01100402201
ESTE;919238730;01100402202
ESTE;947869256;01100402301
ESTE;499427558;01100402302
ESTE;462513641;01100402401
ESTE;464617193;01100402402
ESTE;492348374;01100402501
ESTE;497599190;01100402502
ESTE;866450217;01100402601
ESTE;859561001;01100402602
ESTE;497121222;01100402701
ESTE;489589174;01100402702
ESTE;286956551;01100403001
ESTE;274643959;01100403002
ESTE;288139527;01100403101
ESTE;292598279;01100403102
ESTE;447391432;01100403201
ESTE;436687560;01100403202
ESTE;450917816;01100403301
ESTE;443234504;01100403302
ESTE;282119927;01100403501
ESTE;299521799;01100403502
ESTE;438411464;01100403601
ESTE;445151432;01100403602
ESTE;702758490;01100403701
ESTE;597969435;01100403702
ESTE;948098632;01100406401
ESTE;944129368;01100406402
ESTE;863981673;01100406601
ESTE;620015413;01100406602
ESTE;823547753;01100406701
ESTE;832295241;01100406702
ESTE;619288389;01100406801
ESTE;619333173;01100406802
ESTE;455956473;01100406901
ESTE;453201641;01100406902
ESTE;495312566;01100407001
ESTE;499389110;01100407002
ESTE;502833830;01100407101
ESTE;495229110;01100407102
ESTE;438010824;01100407201
ESTE;447558088;01100407202
ESTE;183064199;01100407301
ESTE;828250729;01100407302
ESTE;452414152;01100407401
ESTE;442851272;01100407402
ESTE;697360666;01100407501
ESTE;586860027;01100407502
ESTE;861601577;01100407601
ESTE;859765561;01100407602
ESTE;437009096;01100407701
ESTE;436648648;01100407702
ESTE;832327257;01100407801
ESTE;799796584;01100407802
ESTE;833225849;01100407901
ESTE;823174489;01100407902
ESTE;823717721;01100408001
ESTE;829128793;01100408002
ESTE;711657652;01100408101
ESTE;597581989;01100408102
ESTE;468870377;01100408201
ESTE;279799287;01100408202
ESTE;452603080;01100408301
ESTE;446848200;01100408302
ESTE;693062234;01100408401
ESTE;692762186;01100408402
ESTE;452707768;01100408501
ESTE;447372744;01100408502
ESTE;449478600;01100408601
ESTE;443037896;01100408602
ESTE;442131912;01100408701
ESTE;450132680;01100408702
ESTE;714140580;01100408801
ESTE;717012116;01100408802
ESTE;486539990;01100408901
ESTE;498647990;01100408902
ESTE;440574904;01100409001
ESTE;447980472;01100409002
ESTE;716415892;01100409101
ESTE;707205028;01100409102
ESTE;495237318;01100409301
ESTE;489160374;01100409302
ESTE;269681607;01100409401
ESTE;281014951;01100409402
ESTE;442530504;01100409501
ESTE;445611976;01100409502
ESTE;711310996;01100409701
ESTE;710193828;01100409702
ESTE;460801017;01100409801
ESTE;466757625;01100409802
ESTE;168970919;01100409901
ESTE;423396454;01100409902
ESTE;689500117;01100410001
ESTE;842329096;01100410002
OESTE;299810055;0220502019
OESTE;504315046;01200102601
OESTE;504092582;01200102602
OESTE;262283223;01200108801
OESTE;931724104;01200108802
OESTE;675287029;01200320501
OESTE;674066661;01200320502
OESTE;711331748;01200322501
OESTE;949496664;01200322502
OESTE;985337866;01200433101
OESTE;983916810;01200433102
OESTE;512794806;01200106401
OESTE;514449830;01200106402
OESTE;507539126;01200209201
OESTE;507229110;01200209202
OESTE;697985013;01200209301
OESTE;512868022;01200209302
OESTE;508340918;01200212901
OESTE;505307302;01200212902
OESTE;505403046;01200213201
OESTE;506174390;01200213202
OESTE;503475894;01200427901
OESTE;510086310;01200427902
OESTE;513960870;01200435201
OESTE;710304533;01200435202
OESTE;255664295;01200435203
OESTE;299223047;01200107101
OESTE;944737128;01200107102
OESTE;947548776;01200107201
OESTE;283434999;01200107202
OESTE;588734629;01200429101
OESTE;271546103;01200429102
OESTE;;0220305070
OESTE;709860004;01200325401
OESTE;705078164;01200325402
OESTE;713810580;01200325701
OESTE;714742692;01200325702
OESTE;713750805;01200434101
OESTE;253995719;01200434102
OESTE;;0220214014
OESTE;570596347;01200215401
OESTE;576084987;01200215402
OESTE;;0220202023
OESTE;;0220103021
OESTE;;0220403035
OESTE;;0220401013
OESTE;;0220405022
OESTE;943515464;01200435401
OESTE;947862600;01200435402
OESTE;;0220403019
OESTE;720708101;01200107501
OESTE;704878597;01200107502
OESTE;;0220410006
OESTE;949507656;01200100101
OESTE;276542375;01200100102
OESTE;914119498;01200100201
OESTE;907239754;01200100202
OESTE;922254410;01200100301
OESTE;911919930;01200100302
OESTE;912492874;01200100401
OESTE;918052154;01200100402
OESTE;497540086;01200100501
OESTE;588184469;01200100502
OESTE;908607290;01200100601
OESTE;609865029;01200100602
OESTE;718065572;01200100701
OESTE;710321060;01200100702
OESTE;955666280;01200100801
OESTE;501739718;01200100802
OESTE;842207256;01200100901
OESTE;852211464;01200100902
OESTE;134326309;01200101001
OESTE;941804360;01200101002
OESTE;388842020;01200101101
OESTE;393434404;01200101102
OESTE;769115051;01200101201
OESTE;907053386;01200101202
OESTE;707377060;01200101301
OESTE;711325348;01200101302
OESTE;697888586;01200101401
OESTE;588836107;01200101402
OESTE;615018037;01200101501
OESTE;609445445;01200101502
OESTE;615680821;01200101601
OESTE;910111546;01200101602
OESTE;614549045;01200101701
OESTE;618803253;01200101702
OESTE;610435397;01200101801
OESTE;616461893;01200101802
OESTE;449214920;01200101901
OESTE;450394824;01200101902
OESTE;611904821;01200102001
OESTE;618685749;01200102002
OESTE;447975368;01200102101
OESTE;451069384;01200102102
OESTE;451710408;01200102103
OESTE;605312565;01200102201
OESTE;604131909;01200102202
OESTE;593362987;01200102301
OESTE;598338331;01200102302
OESTE;707543716;01200102401
OESTE;709508772;01200102402
OESTE;614430277;01200102501
OESTE;763903147;01200102502
OESTE;709772964;01200102701
OESTE;706928804;01200102702
OESTE;608742213;01200102801
OESTE;612542021;01200102802
OESTE;610993221;01200102901
OESTE;619276869;01200102902
OESTE;449539256;01200103001
OESTE;440567224;01200103002
OESTE;613312069;01200103101
OESTE;612700741;01200103102
OESTE;177375879;01200103201
OESTE;172128903;01200103202
OESTE;908954698;01200103301
OESTE;910336586;01200103302
OESTE;179467671;01200103401
OESTE;177100439;01200103402
OESTE;608436805;01200103501
OESTE;512167174;01200103502
OESTE;488034294;01200103601
OESTE;517882886;01200103602
OESTE;451503800;01200103701
OESTE;441807544;01200103702
OESTE;705146004;01200103801
OESTE;714259876;01200103802
OESTE;516382470;01200103901
OESTE;507273222;01200103902
OESTE;507210502;01200104001
OESTE;687006933;01200104002
OESTE;566262917;01200104101
OESTE;833170297;01200104102
OESTE;836402025;01200104201
OESTE;830381433;01200104202
OESTE;708848292;01200104301
OESTE;839718184;01200104302
OESTE;844232712;01200104401
OESTE;844359448;01200104402
OESTE;690389546;01200104601
OESTE;693003290;01200104602
OESTE;831178825;01200104701
OESTE;826697561;01200104702
OESTE;171770519;01200104801
OESTE;837790809;01200104802
OESTE;720060836;01200104901
OESTE;705821076;01200104902
OESTE;915770954;01200105001
OESTE;942095448;01200105002
OESTE;554844037;01200105101
OESTE;837659241;01200105102
OESTE;719636900;01200105201
OESTE;717342628;01200105202
OESTE;388421156;01200105301
OESTE;389603364;01200105302
OESTE;570313877;01200105401
OESTE;565480069;01200105402
OESTE;706863268;01200105501
OESTE;712657316;01200105502
OESTE;615217461;01200105601
OESTE;619143477;01200105602
OESTE;719167140;01200105701
OESTE;720576420;01200105702
OESTE;691685588;01200105801
OESTE;719048340;01200105802
OESTE;833777753;01200105901
OESTE;831391081;01200105902
OESTE;572184571;01200106001
OESTE;708154645;01200106002
OESTE;825617753;01200106101
OESTE;824416345;01200106102
OESTE;936704776;01200106201
OESTE;716830100;01200106202
OESTE;132030951;01200106301
OESTE;129715687;01200106302
OESTE;824343641;01200106501
OESTE;822942041;01200106502
OESTE;690028757;01200106601
OESTE;691125445;01200106602
OESTE;928275416;01200106701
OESTE;954526296;01200106702
OESTE;565683589;01200106801
OESTE;492138998;01200106802
OESTE;613719621;01200106901
OESTE;612972341;01200106902
OESTE;387118612;01200107001
OESTE;687881562;01200107002
OESTE;771495611;01200107301
OESTE;755228331;01200107302
OESTE;512759302;01200107401
OESTE;489873910;01200107402
OESTE;619018821;01200107601
OESTE;612774453;01200107602
OESTE;589464619;01200107701
OESTE;386178596;01200107702
OESTE;866383465;01200107801
OESTE;605571893;01200107802
OESTE;761671851;01200107901
OESTE;766009259;01200107902
OESTE;760173755;01200108001
OESTE;587367077;01200108002
OESTE;386548004;01200108201
OESTE;393118260;01200108202
OESTE;600457125;01200108301
OESTE;824187225;01200108302
OESTE;513117958;01200108401
OESTE;500580342;01200108402
OESTE;487990774;01200108501
OESTE;601207205;01200108502
OESTE;906417466;01200108601
OESTE;838844360;01200108602
OESTE;830637000;01200108701
OESTE;945347384;01200108702
OESTE;492722166;01200108901
OESTE;513874694;01200108902
OESTE;832271048;01200109001
OESTE;952056392;01200109002
OESTE;386250020;01200209101
OESTE;386600260;01200209102
OESTE;499751670;01200209401
OESTE;508059398;01200209402
OESTE;499595254;01200209501
OESTE;856022313;01200209502
OESTE;829297624;01200209601
OESTE;846276888;01200209602
OESTE;981708298;01200209701
OESTE;615708213;01200209702
OESTE;610354741;01200209801
OESTE;604123701;01200209802
OESTE;827197912;01200209901
OESTE;833093304;01200209902
OESTE;714250660;01200210001
OESTE;717970852;01200210002
OESTE;887916426;01200210101
OESTE;878179962;01200210102
OESTE;862672953;01200210201
OESTE;862214201;01200210202
OESTE;825052505;01200210301
OESTE;835077977;01200210302
OESTE;390932788;01200210401
OESTE;400915508;01200210402
OESTE;583726283;01200210501
OESTE;398833700;01200210502
OESTE;766534315;01200210601
OESTE;766596267;01200210602
OESTE;673704693;01200210701
OESTE;968466890;01200210702
OESTE;969198842;01200210801
OESTE;867328569;01200210802
OESTE;598372517;01200210901
OESTE;593748373;01200210902
OESTE;951618888;01200211001
OESTE;940996680;01200211002
OESTE;710267540;01200211101
OESTE;716229780;01200211102
OESTE;869972521;01200211201
OESTE;863449913;01200211202
OESTE;601005973;01200211301
OESTE;824716137;01200211302
OESTE;762589115;01200211401
OESTE;758513851;01200211402
OESTE;859095369;01200211501
OESTE;860057401;01200211502
OESTE;826703560;01200211601
OESTE;837324232;01200211602
OESTE;410811366;01200211701
OESTE;694571733;01200211702
OESTE;290765063;01200211801
OESTE;981854986;01200211802
OESTE;506683142;01200211901
OESTE;755045195;01200211902
OESTE;764316843;01200212001
OESTE;879641242;01200212002
OESTE;716487316;01200212101
OESTE;715886756;01200212102
OESTE;718343844;01200212201
OESTE;265157623;01200212202
OESTE;944007768;01200212301
OESTE;947819848;01200212302
OESTE;506531078;01200212401
OESTE;508725510;01200212402
OESTE;280651447;01200212501
OESTE;952644184;01200212502
OESTE;590158501;01200212601
OESTE;487846390;01200212602
OESTE;880680346;01200212701
OESTE;878243978;01200212702
OESTE;125151479;01200212801
OESTE;123762679;01200212802
OESTE;718664868;01200213001
OESTE;277501447;01200213002
OESTE;704475269;01200213101
OESTE;692981637;01200213102
OESTE;835750233;01200213301
OESTE;834889561;01200213302
OESTE;888753050;01200213401
OESTE;133143287;01200213402
OESTE;877311626;01200213501
OESTE;910986058;01200213502
OESTE;566772901;01200213601
OESTE;561628325;01200213602
OESTE;555433653;01200213701
OESTE;559210901;01200213702
OESTE;555954597;01200213801
OESTE;567075493;01200213802
OESTE;715314580;01200213901
OESTE;708169108;01200213902
OESTE;178666903;01200214001
OESTE;768534107;01200214002
OESTE;717601428;01200214101
OESTE;710665636;01200214102
OESTE;392194356;01200214201
OESTE;399946804;01200214202
OESTE;951330632;01200214301
OESTE;912098618;01200214302
OESTE;596825338;01200214401
OESTE;598269946;01200214402
OESTE;709670149;01200214501
OESTE;710133156;01200214502
OESTE;961244378;01200214601
OESTE;968114122;01200214602
OESTE;883322506;01200214701
OESTE;872969626;01200214702
OESTE;887376266;01200214801
OESTE;885089178;01200214802
OESTE;603957653;01200214901
OESTE;916789818;01200214902
OESTE;386314548;01200215001
OESTE;402642724;01200215002
OESTE;592986123;01200215101
OESTE;603052778;01200215102
OESTE;572429563;01200215201
OESTE;599002379;01200215202
OESTE;568394421;01200215301
OESTE;953952072;01200215302
OESTE;688477812;01200215501
OESTE;608570378;01200215502
OESTE;558493573;01200215601
OESTE;555241365;01200215602
OESTE;173619095;01200215701
OESTE;688572533;01200215702
OESTE;697968501;01200215801
OESTE;703303541;01200215802
OESTE;577209083;01200215901
OESTE;602544139;01200215902
OESTE;602538507;01200216001
OESTE;580749819;01200216002
OESTE;856037193;01200216101
OESTE;858994489;01200216102
OESTE;697671450;01200216201
OESTE;698849322;01200216202
OESTE;704864676;01200216301
OESTE;706009764;01200216302
OESTE;825695849;01200216401
OESTE;727359339;01200216402
OESTE;134290439;01200216501
OESTE;734046827;01200216502
OESTE;272900583;01200216601
OESTE;278198743;01200216602
OESTE;692978949;01200216701
OESTE;964559306;01200216702
OESTE;501361078;01200216801
OESTE;502222006;01200216802
OESTE;497376950;01200216901
OESTE;492071590;01200216902
OESTE;906509370;01200217001
OESTE;911715130;01200217002
OESTE;723209307;01200217101
OESTE;733022571;01200217102
OESTE;699354757;01200217201
OESTE;690845813;01200217202
OESTE;914494778;01200217301
OESTE;910185786;01200217302
OESTE;914416186;01200217401
OESTE;907934010;01200217402
OESTE;914572618;01200217501
OESTE;922479930;01200217502
OESTE;911750970;01200217601
OESTE;918501946;01200217602
OESTE;283846391;01200217701
OESTE;284622055;01200217702
OESTE;721719899;01200217801
OESTE;732957035;01200217802
OESTE;615954037;01200217901
OESTE;914176074;01200217902
OESTE;840153096;01200218001
OESTE;841865480;01200218002
OESTE;728842843;01200218101
OESTE;721581403;01200218102
OESTE;911354170;01200218201
OESTE;916285770;01200218202
OESTE;615720789;01200218301
OESTE;911572538;01200218302
OESTE;905997114;01200218401
OESTE;608409973;01200218402
OESTE;569007525;01200318501
OESTE;949587528;01200318502
OESTE;706477972;01200318601
OESTE;719638164;01200318602
OESTE;589534117;01200318701
OESTE;695957332;01200318702
OESTE;;01200318801
OESTE;;01200318802
OESTE;;01200318803
OESTE;708701860;01200318901
OESTE;706679972;01200318902
OESTE;908318522;01200319001
OESTE;910236730;01200319002
OESTE;719712676;01200319101
OESTE;716023188;01200319102
OESTE;911816506;01200319201
OESTE;919613242;01200319202
OESTE;829164248;01200319301
OESTE;823983048;01200319302
OESTE;939930696;01200319401
OESTE;494769654;01200319402
OESTE;908645690;01200319501
OESTE;617000757;01200319502
OESTE;984878858;01200319601
OESTE;972086010;01200319602
OESTE;954133080;01200319701
OESTE;935006984;01200319702
OESTE;503116534;01200319801
OESTE;518027526;01200319802
OESTE;607793717;01200319901
OESTE;615863093;01200319902
OESTE;719322020;01200320001
OESTE;715192484;01200320002
OESTE;909640778;01200320101
OESTE;617623413;01200320102
OESTE;493463542;01200320201
OESTE;518680326;01200320202
OESTE;917390666;01200320301
OESTE;612426869;01200320302
OESTE;120445415;01200320401
OESTE;836937849;01200320402
OESTE;600702373;01200320601
OESTE;595690405;01200320602
OESTE;130924503;01200320701
OESTE;122471895;01200320702
OESTE;848433176;01200320801
OESTE;842511128;01200320802
OESTE;709794196;01200320901
OESTE;952229960;01200320902
OESTE;712750228;01200321001
OESTE;708966820;01200321002
OESTE;567210917;01200321101
OESTE;562640293;01200321102
OESTE;719695764;01200321201
OESTE;709084068;01200321202
OESTE;717396884;01200321301
OESTE;718658196;01200321302
OESTE;951863912;01200321401
OESTE;561758117;01200321402
OESTE;556012469;01200321501
OESTE;695911109;01200321502
OESTE;871814185;01200321601
OESTE;855964217;01200321602
OESTE;855886633;01200321701
OESTE;869598009;01200321702
OESTE;863352377;01200321801
OESTE;866131257;01200321802
OESTE;958561530;01200321901
OESTE;981337098;01200321902
OESTE;868890169;01200322001
OESTE;949513832;01200322002
OESTE;832653000;01200322101
OESTE;486600102;01200322102
OESTE;710253460;01200322201
OESTE;719165844;01200322202
OESTE;274264823;01200322301
OESTE;955007064;01200322302
OESTE;;01200322310
OESTE;912409402;01200322401
OESTE;917877818;01200322402
OESTE;279803639;01200322601
OESTE;849209880;01200322602
OESTE;869996601;01200322701
OESTE;862388809;01200322702
OESTE;950343512;01200322801
OESTE;952158792;01200322802
OESTE;946431560;01200322901
OESTE;945673800;01200322902
OESTE;863050041;01200323001
OESTE;727298651;01200323002
OESTE;734607963;01200323101
OESTE;730182251;01200323102
OESTE;487247350;01200323201
OESTE;840417032;01200323202
OESTE;723685739;01200323301
OESTE;737237595;01200323302
OESTE;725758827;01200323401
OESTE;736932715;01200323402
OESTE;593111851;01200323501
OESTE;595523595;01200323502
OESTE;831487593;01200323601
OESTE;732491867;01200323602
OESTE;705216932;01200323701
OESTE;708090772;01200323702
OESTE;594656917;01200323801
OESTE;593807269;01200323802
OESTE;502278854;01200323901
OESTE;498092982;01200323902
OESTE;722649179;01200324001
OESTE;737863259;01200324002
OESTE;750698293;01200324101
OESTE;943771960;01200324102
OESTE;616234341;01200324201
OESTE;610377077;01200324202
OESTE;618977333;01200324301
OESTE;609569845;01200324302
OESTE;587792667;01200324401
OESTE;589847067;01200324402
OESTE;148249863;01200324501
OESTE;132115943;01200324502
OESTE;618631221;01200324601
OESTE;605962821;01200324602
OESTE;617779253;01200324701
OESTE;620115781;01200324702
OESTE;612609349;01200324801
OESTE;618562373;01200324802
OESTE;497516966;01200324901
OESTE;487328694;01200324902
OESTE;719004965;01200325001
OESTE;710796821;01200325002
OESTE;868278073;01200325101
OESTE;862252601;01200325102
OESTE;857923625;01200325201
OESTE;865453609;01200325202
OESTE;706280612;01200325301
OESTE;719714708;01200325302
OESTE;714775188;01200325501
OESTE;709989284;01200325502
OESTE;915076666;01200325601
OESTE;138959111;01200325602
OESTE;861147209;01200325801
OESTE;868960057;01200325802
OESTE;863677497;01200325901
OESTE;127027943;01200325902
OESTE;853860376;01200326001
OESTE;852365080;01200326002
OESTE;954084168;01200326101
OESTE;732834443;01200326102
OESTE;707981476;01200326201
OESTE;710198692;01200326202
OESTE;720894356;01200326301
OESTE;711982740;01200326302
OESTE;605514613;01200326401
OESTE;761281211;01200326402
OESTE;128542439;01200326501
OESTE;727321995;01200326502
OESTE;500882390;01200326601
OESTE;490260454;01200326602
OESTE;770876075;01200326701
OESTE;710671012;01200326702
OESTE;614619701;01200326801
OESTE;604181829;01200326802
OESTE;492347862;01200326901
OESTE;690417269;01200326902
OESTE;759652795;01200327001
OESTE;763009451;01200327002
OESTE;844529432;01200327101
OESTE;767079339;01200327102
OESTE;399398964;01200327201
OESTE;597568811;01200327202
OESTE;759739819;01200327301
OESTE;755765435;01200327302
OESTE;125036759;01200327401
OESTE;732861563;01200327402
OESTE;989015050;01200327501
OESTE;968328698;01200327502
OESTE;865044041;01200327601
OESTE;867195225;01200327602
OESTE;555310245;01200327701
OESTE;424561494;01200327702
OESTE;720899492;01200327801
OESTE;712808852;01200327802
OESTE;435290198;01200400101
OESTE;830380968;01200400102
OESTE;829201320;01200400201
OESTE;276782071;01200400202
OESTE;;01200400301
OESTE;;01200400302
OESTE;;01200400303
OESTE;709697204;01200400401
OESTE;278268711;01200400402
OESTE;980601866;01200400403
OESTE;711924900;01200400501
OESTE;710010532;01200400502
OESTE;716130212;01200400503
OESTE;986864650;01200400601
OESTE;983810058;01200400602
OESTE;982566922;01200400603
OESTE;866279001;01200400701
OESTE;825337048;01200400702
OESTE;;01200400801
OESTE;;01200400802
OESTE;;01200400803
OESTE;;01200400813
OESTE;463588825;01200400901
OESTE;296562439;01200400902
OESTE;459754713;01200400909
OESTE;963482874;01200401001
OESTE;278061735;01200401002
OESTE;273138871;01200401003
OESTE;844086280;01200401101
OESTE;839672344;01200401102
OESTE;918425674;01200401201
OESTE;849492760;01200401202
OESTE;120674007;01200401301
OESTE;558720149;01200401302
OESTE;873870490;01200401303
OESTE;460596697;01200401401
OESTE;457722089;01200401402
OESTE;970301178;01200401501
OESTE;982749194;01200401502
OESTE;453289705;01200401601
OESTE;467481593;01200401602
OESTE;947610168;01200401701
OESTE;989431306;01200401702
OESTE;589480421;01200401801
OESTE;599197173;01200401802
OESTE;556007301;01200428001
OESTE;562584965;01200428002
OESTE;619344138;01200428101
OESTE;692032026;01200428102
OESTE;716693908;01200428201
OESTE;904415081;01200428202
OESTE;494437814;01200428301
OESTE;502005702;01200428302
OESTE;620098101;01200428401
OESTE;609178677;01200428402
OESTE;604704837;01200428403
OESTE;123589095;01200428501
OESTE;802457144;01200428502
OESTE;609199157;01200428601
OESTE;604697397;01200428602
OESTE;559438229;01200428701
OESTE;568863381;01200428702
OESTE;825539304;01200428801
OESTE;567471749;01200428901
OESTE;698481349;01200428902
OESTE;568296853;01200429001
OESTE;867652153;01200429002
OESTE;868275769;01200429301
OESTE;865001529;01200429302
OESTE;869471033;01200429401
OESTE;838772825;01200429402
OESTE;857535273;01200429501
OESTE;859622697;01200429502
OESTE;596636645;01200429601
OESTE;591292405;01200429602
OESTE;597734901;01200429701
OESTE;596699877;01200429702
OESTE;949720136;01200429801
OESTE;941497448;01200429802
OESTE;462262777;01200429901
OESTE;458128121;01200429902
OESTE;863144249;01200430001
OESTE;866453065;01200430002
OESTE;871031609;01200430101
OESTE;855712329;01200430102
OESTE;281695479;01200430113
OESTE;863681065;01200430201
OESTE;858054697;01200430202
OESTE;844366616;01200430301
OESTE;759220859;01200430302
OESTE;850545432;01200430401
OESTE;988968714;01200430402
OESTE;942286200;01200430501
OESTE;599980277;01200430502
OESTE;589890037;01200430601
OESTE;600317429;01200430602
OESTE;455189993;01200430701
OESTE;455400425;01200430702
OESTE;864017705;01200430801
OESTE;867742761;01200430802
OESTE;862979385;01200430901
OESTE;831565272;01200430902
OESTE;865597753;01200431001
OESTE;568388773;01200431002
OESTE;461810377;01200431101
OESTE;146553141;01200431102
OESTE;947892296;01200431201
OESTE;131838935;01200431202
OESTE;496827110;01200431301
OESTE;489945558;01200431302
OESTE;498845622;01200431401
OESTE;496781750;01200431402
OESTE;487450038;01200431501
OESTE;499900070;01200431502
OESTE;489575382;01200431601
OESTE;500454342;01200431602
OESTE;498892470;01200431701
OESTE;490718374;01200431702
OESTE;832017096;01200431801
OESTE;848067608;01200431802
OESTE;614970933;01200431901
OESTE;716725668;01200431902
OESTE;454122729;01200432001
OESTE;455771129;01200432002
OESTE;840420616;01200432101
OESTE;843535384;01200432102
OESTE;830305224;01200432201
OESTE;830410712;01200432202
OESTE;942096728;01200432301
OESTE;954234952;01200432302
OESTE;500006070;01200432401
OESTE;501849270;01200432402
OESTE;518098950;01200432501
OESTE;497272310;01200432502
OESTE;497731574;01200432601
OESTE;486788598;01200432602
OESTE;498451942;01200432701
OESTE;502776550;01200432702
OESTE;980309002;01200432801
OESTE;960002298;01200432802
OESTE;951162728;01200432901
OESTE;487652518;01200432902
OESTE;565339813;01200433001
OESTE;553697189;01200433002
OESTE;565844405;01200433201
OESTE;563652005;01200433202
OESTE;563640229;01200433301
OESTE;721355172;01200433302
OESTE;490845894;01200433401
OESTE;494692854;01200433402
OESTE;947177032;01200433501
OESTE;558567605;01200433502
OESTE;564779173;01200433601
OESTE;864049721;01200433602
OESTE;578973675;01200433701
OESTE;578749163;01200433702
OESTE;300920071;01200433801
OESTE;866315561;01200433802
OESTE;574024667;01200433901
OESTE;573424859;01200433902
OESTE;693128804;01200434001
OESTE;594854037;01200434002
OESTE;863038009;01200434201
OESTE;696987845;01200434202
OESTE;863975753;01200434301
OESTE;270086567;01200434302
OESTE;573819867;01200434401
OESTE;574283483;01200434402
OESTE;708464804;01200434501
OESTE;707461028;01200434502
OESTE;556986773;01200434601
OESTE;559211925;01200434602
OESTE;979346698;01200434701
OESTE;983773706;01200434702
OESTE;858435385;01200434801
OESTE;860881737;01200434802
OESTE;969407946;01200434901
OESTE;958564042;01200434902
OESTE;417728502;01200435001
OESTE;852511256;01200435002
OESTE;689326170;01200435101
OESTE;588740891;01200435102
OESTE;443774664;01200435109
OESTE;871246649;01200435301
OESTE;870152761;01200435302
OESTE;861019193;01200435303
OESTE;454232041;0220201020
OESTE;866324857;0220202030
OESTE;494189494;0220203029
OESTE;502899337;0220204025
OESTE;;0220206017
OESTE;840345624;0220301039
OESTE;700352298;0220303058
OESTE;;0220307035
OESTE;;0220309026
OESTE;;0220405001
OESTE;698850394;0220408012
OESTE;;022021301601
OESTE;;022041302002
OESTE;;022031300103
OESTE;;021070110404
OESTE;;022030804105
OESTE;;022040401006
OESTE;;022040206307
OESTE;;022031603308
OESTE;;022030603009
OESTE;;022040103410
OESTE;;022030801811
OESTE;;022030703612
OESTE;;022030506413
OESTE;;022050202414
OESTE;;022021305615
OESTE;;022030800216
OESTE;;022030103917
OESTE;;022041005518
OESTE;;022031801619
OESTE;;022050102420
OESTE;;022021401421
OESTE;;021070509922
OESTE;;022020401025
OESTE;;022020605426
OESTE;;021070405927
OESTE;;022050401229
OESTE;;022031605332
OESTE;;022050200733
OESTE;;022030103634
OESTE;;022021102635
OESTE;;022030202438
OESTE;;022040104039
OESTE;;022040301440
OESTE;;021070105641
OESTE;;022031603142
OESTE;;022030505644
OESTE;;022020202845
OESTE;;022031501046
OESTE;;022051500547